dataset,file_name,source,file_type,compression,encoding,language_hint,dataset_type,classification_confidence,n_columns,estimated_records,records_sampled,text_length_avg,encoding_quality,dominant_script,mixed_language,code_switching,romanized,errors,relative_path
1 (2).txt,1 (2).txt,unknown,txt,none,utf-8,,Monolingual,0.55,1,22368,9320,64.44,1.0,Devanagari,False,False,False,0,1 (2).txt
10 (2).txt,10 (2).txt,unknown,txt,none,utf-8,,Monolingual,0.55,1,25466,9270,64.57,1.0,Devanagari,False,False,False,0,10 (2).txt
100.txt,100.txt,unknown,txt,none,utf-8,,Monolingual,0.55,1,20493,9377,50.42,1.0,Devanagari,False,False,False,0,100.txt
104.txt,104.txt,unknown,txt,none,utf-8,,Monolingual,0.55,1,23527,9293,65.14,1.0,Devanagari,False,False,False,0,104.txt
106 (2).txt,106 (2).txt,unknown,txt,none,utf-8,,Monolingual,0.55,1,27581,9295,67.04,1.0,Devanagari,False,False,False,0,106 (2).txt
107 (2).txt,107 (2).txt,unknown,txt,none,utf-8,,Monolingual,0.55,1,32507,9594,61.2,1.0,Devanagari,False,False,False,0,107 (2).txt
108 (2).txt,108 (2).txt,unknown,txt,none,utf-8,,Monolingual,0.55,1,21481,9419,56.64,1.0,Devanagari,False,False,False,0,108 (2).txt
109 (2).txt,109 (2).txt,unknown,txt,none,utf-8,,Monolingual,0.55,1,23180,9261,64.74,1.0,Devanagari,False,False,False,0,109 (2).txt
11 (2).txt,11 (2).txt,unknown,txt,none,utf-8,,Monolingual,0.55,1,21697,9495,61.77,1.0,Devanagari,False,False,False,0,11 (2).txt
110.txt,110.txt,unknown,txt,none,utf_8,,Monolingual,0.55,1,31157,9301,63.54,1.0,Devanagari,False,False,False,0,110.txt
111 (2).txt,111 (2).txt,unknown,txt,none,utf_8,,Monolingual,0.55,1,15365,9464,71.08,1.0,Devanagari,False,False,False,0,111 (2).txt
112.txt,112.txt,unknown,txt,none,utf-8,,Monolingual,0.55,1,27277,10000,38.61,1.0,Devanagari,False,False,False,0,112.txt
114 (2).txt,114 (2).txt,unknown,txt,none,utf-8,,Monolingual,0.55,1,27934,9113,334.73,1.0,Devanagari,False,False,False,0,114 (2).txt
115 (2).txt,115 (2).txt,unknown,txt,none,utf-8,,Monolingual,0.55,1,25370,9378,56.4,1.0,Devanagari,False,False,False,0,115 (2).txt
116.txt,116.txt,unknown,txt,none,utf-8,,Monolingual,0.55,1,28007,10000,38.9,1.0,Devanagari,False,False,False,0,116.txt
117 (2).txt,117 (2).txt,unknown,txt,none,utf-8,,Monolingual,0.55,1,30931,9327,62.84,1.0,Devanagari,False,False,False,0,117 (2).txt
118 (2).txt,118 (2).txt,unknown,txt,none,utf_8,,Monolingual,0.55,1,26292,9244,62.1,1.0,Devanagari,False,False,False,0,118 (2).txt
120 (2).txt,120 (2).txt,unknown,txt,none,utf-8,,Monolingual,0.55,1,20376,9387,50.64,1.0,Devanagari,False,False,False,0,120 (2).txt
123 (2).txt,123 (2).txt,unknown,txt,none,utf_8,,Monolingual,0.55,1,27771,10000,38.94,1.0,Devanagari,False,False,False,0,123 (2).txt
124 (2).txt,124 (2).txt,unknown,txt,none,utf_8,,Monolingual,0.55,1,28146,9121,339.45,1.0,Devanagari,False,False,False,0,124 (2).txt
126.txt,126.txt,unknown,txt,none,utf-8,,Monolingual,0.55,1,26854,9343,70.16,1.0,Devanagari,False,False,False,0,126.txt
129 (2).txt,129 (2).txt,unknown,txt,none,utf-8,,Monolingual,0.55,1,3271,1182,286.3,1.0,Devanagari,False,False,False,0,129 (2).txt
13 (2).txt,13 (2).txt,unknown,txt,none,utf-8,,Monolingual,0.55,1,25836,9461,59.21,1.0,Devanagari,False,False,False,0,13 (2).txt
131 (2).txt,131 (2).txt,unknown,txt,none,utf-8,,Monolingual,0.55,1,29245,9460,59.12,1.0,Devanagari,False,False,False,0,131 (2).txt
135 (2).txt,135 (2).txt,unknown,txt,none,utf-8,,Monolingual,0.55,1,1133,420,42.23,1.0,Devanagari,False,False,False,0,135 (2).txt
136 (2).txt,136 (2).txt,unknown,txt,none,utf-8,,Monolingual,0.55,1,33140,11820,42.02,1.0,Devanagari,False,False,False,0,136 (2).txt
139 (2).txt,139 (2).txt,unknown,txt,none,utf-8,,Monolingual,0.55,1,19015,9362,61.96,1.0,Devanagari,False,False,False,0,139 (2).txt
140 (2).txt,140 (2).txt,unknown,txt,none,utf_8,,Monolingual,0.55,1,21135,9433,69.56,1.0,Devanagari,False,False,False,0,140 (2).txt
141.txt,141.txt,unknown,txt,none,utf_8,,Monolingual,0.55,1,29817,9376,53.02,1.0,Devanagari,False,False,False,0,141.txt
142.txt,142.txt,unknown,txt,none,utf-8,,Monolingual,0.55,1,18478,7565,335.2,1.0,Devanagari,False,False,False,0,142.txt
143 (2).txt,143 (2).txt,unknown,txt,none,utf-8,,Monolingual,0.55,1,24905,9357,58.92,1.0,Devanagari,False,False,False,0,143 (2).txt
146.txt,146.txt,unknown,txt,none,utf_8,,Monolingual,0.55,1,60666,22800,42.35,1.0,Devanagari,False,False,False,0,146.txt
148 (2).txt,148 (2).txt,unknown,txt,none,utf-8,,Monolingual,0.55,1,24634,9236,59.42,0.9999,Devanagari,False,False,False,0,148 (2).txt
149 (2).txt,149 (2).txt,unknown,txt,none,utf-8,,Monolingual,0.55,1,28247,10000,38.83,1.0,Devanagari,False,False,False,0,149 (2).txt
153 (2).txt,153 (2).txt,unknown,txt,none,utf-8,,Monolingual,0.55,1,27093,10000,38.96,1.0,Devanagari,False,False,False,0,153 (2).txt
155.txt,155.txt,unknown,txt,none,utf_8,,Monolingual,0.55,1,29989,9154,65.17,1.0,Devanagari,False,False,False,0,155.txt
157 (2).txt,157 (2).txt,unknown,txt,none,utf-8,,Monolingual,0.55,1,21279,9484,63.59,1.0,Devanagari,False,False,False,0,157 (2).txt
158 (2).txt,158 (2).txt,unknown,txt,none,utf_8,,Monolingual,0.55,1,24061,8944,333.85,1.0,Devanagari,False,False,False,0,158 (2).txt
16 (2).txt,16 (2).txt,unknown,txt,none,utf_8,,Monolingual,0.55,1,33286,9336,68.04,1.0,Devanagari,False,False,False,0,16 (2).txt
161 (2).txt,161 (2).txt,unknown,txt,none,utf_8,,Monolingual,0.55,1,19192,9331,70.82,1.0,Devanagari,False,False,False,0,161 (2).txt
163.txt,163.txt,unknown,txt,none,utf-8,,Monolingual,0.55,1,18349,9086,66.58,1.0,Devanagari,False,False,False,0,163.txt
164 (2).txt,164 (2).txt,unknown,txt,none,utf-8,,Monolingual,0.55,1,35585,9385,59.21,1.0,Devanagari,False,False,False,0,164 (2).txt
167.txt,167.txt,unknown,txt,none,utf-8,,Monolingual,0.55,1,23119,7314,326.63,1.0,Devanagari,False,False,False,0,167.txt
17.txt,17.txt,unknown,txt,none,utf-8,,Monolingual,0.55,1,26618,9282,58.25,1.0,Devanagari,False,False,False,0,17.txt
171 (2).txt,171 (2).txt,unknown,txt,none,utf_8,,Monolingual,0.55,1,30195,9473,60.35,1.0,Devanagari,False,False,False,0,171 (2).txt
172 (2).txt,172 (2).txt,unknown,txt,none,utf-8,,Monolingual,0.55,1,28520,9383,52.95,1.0,Devanagari,False,False,False,0,172 (2).txt
174 (2).txt,174 (2).txt,unknown,txt,none,utf_8,,Monolingual,0.55,1,26212,9475,42.67,1.0,Devanagari,False,False,False,0,174 (2).txt
181 (2).txt,181 (2).txt,unknown,txt,none,utf_8,,Monolingual,0.55,1,33692,9394,70.37,1.0,Devanagari,False,False,False,0,181 (2).txt
184 (2).txt,184 (2).txt,unknown,txt,none,utf_8,,Monolingual,0.55,1,30717,9329,61.5,1.0,Devanagari,False,False,False,0,184 (2).txt
185 (2).txt,185 (2).txt,unknown,txt,none,utf-8,,Monolingual,0.55,1,33883,9390,57.93,1.0,Devanagari,False,False,False,0,185 (2).txt
187 (2).txt,187 (2).txt,unknown,txt,none,utf_8,,Monolingual,0.55,1,21860,9433,59.18,1.0,Devanagari,False,False,False,0,187 (2).txt
188.txt,188.txt,unknown,txt,none,utf-8,,Monolingual,0.55,1,26397,9437,73.25,1.0,Devanagari,False,False,False,0,188.txt
189.txt,189.txt,unknown,txt,none,utf-8,,Monolingual,0.55,1,27588,10000,38.32,1.0,Devanagari,False,False,False,0,189.txt
190 (2).txt,190 (2).txt,unknown,txt,none,utf_8,,Monolingual,0.55,1,23725,9324,62.58,1.0,Devanagari,False,False,False,0,190 (2).txt
191.txt,191.txt,unknown,txt,none,utf-8,,Monolingual,0.55,1,23472,9185,65.98,1.0,Devanagari,False,False,False,0,191.txt
192 (2).txt,192 (2).txt,unknown,txt,none,utf_8,,Monolingual,0.55,1,18681,9382,62.58,1.0,Devanagari,False,False,False,0,192 (2).txt
195.txt,195.txt,unknown,txt,none,utf-8,,Monolingual,0.55,1,22117,9401,65.58,1.0,Devanagari,False,False,False,0,195.txt
198 (2).txt,198 (2).txt,unknown,txt,none,utf_8,,Monolingual,0.55,1,31556,9211,71.69,1.0,Devanagari,False,False,False,0,198 (2).txt
199.txt,199.txt,unknown,txt,none,utf_8,,Monolingual,0.55,1,26414,9277,69.44,1.0,Devanagari,False,False,False,0,199.txt
20.txt,20.txt,unknown,txt,none,utf_8,,Monolingual,0.55,1,32603,13168,43.68,1.0,Devanagari,False,False,False,0,20.txt
200 (2).txt,200 (2).txt,unknown,txt,none,utf_8,,Monolingual,0.55,1,24248,9377,60.27,1.0,Devanagari,False,False,False,0,200 (2).txt
203 (2).txt,203 (2).txt,unknown,txt,none,utf_8,,Monolingual,0.55,1,28548,9396,53.91,1.0,Devanagari,False,False,False,0,203 (2).txt
204.txt,204.txt,unknown,txt,none,utf-8,,Monolingual,0.55,1,27651,9365,65.97,1.0,Devanagari,False,False,False,0,204.txt
206 (2).txt,206 (2).txt,unknown,txt,none,utf_8,,Monolingual,0.55,1,25426,9288,51.95,1.0,Devanagari,False,False,False,0,206 (2).txt
208.txt,208.txt,unknown,txt,none,utf_8,,Monolingual,0.55,1,652,242,41.71,1.0,Devanagari,False,False,False,0,208.txt
209.txt,209.txt,unknown,txt,none,utf_8,,Monolingual,0.55,1,20953,9429,60.21,1.0,Devanagari,False,False,False,0,209.txt
21 (2).txt,21 (2).txt,unknown,txt,none,utf-8,,Monolingual,0.55,1,26583,9413,57.53,1.0,Devanagari,False,False,False,0,21 (2).txt
210 (2).txt,210 (2).txt,unknown,txt,none,utf_8,,Monolingual,0.55,1,25153,9475,54.31,1.0,Devanagari,False,False,False,0,210 (2).txt
211.txt,211.txt,unknown,txt,none,utf-8,,Monolingual,0.55,1,22705,9313,61.84,1.0,Devanagari,False,False,False,0,211.txt
212 (2).txt,212 (2).txt,unknown,txt,none,utf_8,,Monolingual,0.55,1,4278,1584,41.41,1.0,Devanagari,False,False,False,0,212 (2).txt
213 (2).txt,213 (2).txt,unknown,txt,none,utf-8,,Monolingual,0.55,1,41276,9405,71.47,1.0,Devanagari,False,False,False,0,213 (2).txt
215 (2).txt,215 (2).txt,unknown,txt,none,utf_8,,Monolingual,0.55,1,27171,9210,56.99,1.0,Devanagari,False,False,False,0,215 (2).txt
218.txt,218.txt,unknown,txt,none,utf-8,,Monolingual,0.55,1,20383,9698,55.49,1.0,Devanagari,False,False,False,0,218.txt
22.txt,22.txt,unknown,txt,none,utf-8,,Monolingual,0.55,1,20930,9275,64.78,1.0,Devanagari,False,False,False,0,22.txt
221 (2).txt,221 (2).txt,unknown,txt,none,utf_8,,Monolingual,0.55,1,27027,9411,51.35,1.0,Devanagari,False,False,False,0,221 (2).txt
222 (2).txt,222 (2).txt,unknown,txt,none,utf-8,,Monolingual,0.55,1,4495,1660,42.64,1.0,Devanagari,False,False,False,0,222 (2).txt
224 (2).txt,224 (2).txt,unknown,txt,none,utf-8,,Monolingual,0.55,1,1592,588,43.15,1.0,Devanagari,False,False,False,0,224 (2).txt
228 (2).txt,228 (2).txt,unknown,txt,none,utf-8,,Monolingual,0.55,1,27475,10000,38.78,1.0,Devanagari,False,False,False,0,228 (2).txt
23 (2).txt,23 (2).txt,unknown,txt,none,utf-8,,Monolingual,0.55,1,21525,9387,64.98,1.0,Devanagari,False,False,False,0,23 (2).txt
230.txt,230.txt,unknown,txt,none,utf_8,,Monolingual,0.55,1,25540,9341,59.67,1.0,Devanagari,False,False,False,0,230.txt
234.txt,234.txt,unknown,txt,none,utf-8,,Monolingual,0.55,1,24527,9305,73.38,1.0,Devanagari,False,False,False,0,234.txt
237 (2).txt,237 (2).txt,unknown,txt,none,utf-8,,Monolingual,0.55,1,28058,9937,411.27,1.0,Devanagari,False,False,False,0,237 (2).txt
238 (2).txt,238 (2).txt,unknown,txt,none,utf-8,,Monolingual,0.55,1,27462,10000,38.9,1.0,Devanagari,False,False,False,0,238 (2).txt
239 (2).txt,239 (2).txt,unknown,txt,none,utf_8,,Monolingual,0.55,1,30016,9334,77.97,1.0,Devanagari,False,False,False,0,239 (2).txt
241.txt,241.txt,unknown,txt,none,utf-8,,Monolingual,0.55,1,27537,10000,38.55,1.0,Devanagari,False,False,False,0,241.txt
242 (2).txt,242 (2).txt,unknown,txt,none,utf-8,,Monolingual,0.55,1,29530,9168,342.09,1.0,Devanagari,False,False,False,0,242 (2).txt
243 (2).txt,243 (2).txt,unknown,txt,none,utf_8,,Monolingual,0.55,1,19156,9536,60.28,1.0,Devanagari,False,False,False,0,243 (2).txt
245 (2).txt,245 (2).txt,unknown,txt,none,utf-8,,Monolingual,0.55,1,31738,9254,63.77,1.0,Devanagari,False,False,False,0,245 (2).txt
248.txt,248.txt,unknown,txt,none,utf-8,,Monolingual,0.55,1,24143,9037,58.95,1.0,Devanagari,False,False,False,0,248.txt
249 (2).txt,249 (2).txt,unknown,txt,none,utf-8,,Monolingual,0.55,1,22034,9448,69.66,1.0,Devanagari,False,False,False,0,249 (2).txt
250 (2).txt,250 (2).txt,unknown,txt,none,utf-8,,Monolingual,0.55,1,33850,9531,60.35,1.0,Devanagari,False,False,False,0,250 (2).txt
253 (2).txt,253 (2).txt,unknown,txt,none,utf-8,,Monolingual,0.55,1,21827,9377,56.21,1.0,Devanagari,False,False,False,0,253 (2).txt
258.txt,258.txt,unknown,txt,none,utf-8,,Monolingual,0.55,1,31725,9458,75.93,1.0,Devanagari,False,False,False,0,258.txt
259 (2).txt,259 (2).txt,unknown,txt,none,utf-8,,Monolingual,0.55,1,24270,9465,63.77,1.0,Devanagari,False,False,False,0,259 (2).txt
26.txt,26.txt,unknown,txt,none,utf_8,,Monolingual,0.55,1,34381,9420,61.43,1.0,Devanagari,False,False,False,0,26.txt
260 (2).txt,260 (2).txt,unknown,txt,none,utf-8,,Monolingual,0.55,1,27407,9282,56.52,1.0,Devanagari,False,False,False,0,260 (2).txt
261.txt,261.txt,unknown,txt,none,utf-8,,Monolingual,0.55,1,26809,9470,58.37,1.0,Devanagari,False,False,False,0,261.txt
266 (2).txt,266 (2).txt,unknown,txt,none,utf-8,,Monolingual,0.55,1,21658,9362,65.89,1.0,Devanagari,False,False,False,0,266 (2).txt
267 (2).txt,267 (2).txt,unknown,txt,none,utf_8,,Monolingual,0.55,1,11024,4090,42.08,1.0,Devanagari,False,False,False,0,267 (2).txt
269 (2).txt,269 (2).txt,unknown,txt,none,utf_8,,Monolingual,0.55,1,28423,9362,55.16,1.0,Devanagari,False,False,False,0,269 (2).txt
27.txt,27.txt,unknown,txt,none,utf-8,,Monolingual,0.55,1,27046,9105,63.14,1.0,Devanagari,False,False,False,0,27.txt
270 (2).txt,270 (2).txt,unknown,txt,none,utf-8,,Monolingual,0.55,1,60252,9985,641.42,1.0,Devanagari,False,False,False,0,270 (2).txt
271.txt,271.txt,unknown,txt,none,utf-8,,Monolingual,0.55,1,28975,10654,41.23,1.0,Devanagari,False,False,False,0,271.txt
272 (2).txt,272 (2).txt,unknown,txt,none,utf-8,,Monolingual,0.55,1,29799,9234,56.83,1.0,Devanagari,False,False,False,0,272 (2).txt
273.txt,273.txt,unknown,txt,none,utf-8,,Monolingual,0.55,1,26015,9323,78.79,1.0,Devanagari,False,False,False,0,273.txt
274 (2).txt,274 (2).txt,unknown,txt,none,utf-8,,Monolingual,0.55,1,24325,9232,58.77,1.0,Devanagari,False,False,False,0,274 (2).txt
275 (2).txt,275 (2).txt,unknown,txt,none,utf-8,,Monolingual,0.55,1,22837,9377,58.97,1.0,Devanagari,False,False,False,0,275 (2).txt
276.txt,276.txt,unknown,txt,none,utf-8,,Monolingual,0.55,1,2603,968,41.94,1.0,Devanagari,False,False,False,0,276.txt
277.txt,277.txt,unknown,txt,none,utf_8,,Monolingual,0.55,1,17527,9993,390.37,1.0,Devanagari,False,False,False,0,277.txt
279 (2).txt,279 (2).txt,unknown,txt,none,utf-8,,Monolingual,0.55,1,22531,9616,59.62,1.0,Devanagari,False,False,False,0,279 (2).txt
28 (2).txt,28 (2).txt,unknown,txt,none,utf_8,,Monolingual,0.55,1,27283,9445,62.91,1.0,Devanagari,False,False,False,0,28 (2).txt
281 (2).txt,281 (2).txt,unknown,txt,none,utf-8,,Monolingual,0.55,1,29249,9254,71.99,1.0,Devanagari,False,False,False,0,281 (2).txt
283 (2).txt,283 (2).txt,unknown,txt,none,utf-8,,Monolingual,0.55,1,19784,9215,56.46,1.0,Devanagari,False,False,False,0,283 (2).txt
285.txt,285.txt,unknown,txt,none,utf-8,,Monolingual,0.55,1,31774,9371,65.2,1.0,Devanagari,False,False,False,0,285.txt
286 (2).txt,286 (2).txt,unknown,txt,none,utf-8,,Monolingual,0.55,1,27581,10000,38.88,1.0,Devanagari,False,False,False,0,286 (2).txt
290 (2).txt,290 (2).txt,unknown,txt,none,utf-8,,Monolingual,0.55,1,25084,9353,57.17,1.0,Devanagari,False,False,False,0,290 (2).txt
299 (2).txt,299 (2).txt,unknown,txt,none,utf-8,,Monolingual,0.55,1,23241,7465,364.97,1.0,Devanagari,False,False,False,0,299 (2).txt
30 (2).txt,30 (2).txt,unknown,txt,none,utf-8,,Monolingual,0.55,1,27082,9327,62.37,1.0,Devanagari,False,False,False,0,30 (2).txt
300 (2).txt,300 (2).txt,unknown,txt,none,utf-8,,Monolingual,0.55,1,31146,9475,70.68,1.0,Devanagari,False,False,False,0,300 (2).txt
303 (2).txt,303 (2).txt,unknown,txt,none,utf-8,,Monolingual,0.55,1,42608,9995,453.58,1.0,Devanagari,False,False,False,0,303 (2).txt
306.txt,306.txt,unknown,txt,none,utf-8,,Monolingual,0.55,1,27926,9409,57.83,1.0,Devanagari,False,False,False,0,306.txt
307 (2).txt,307 (2).txt,unknown,txt,none,utf-8,,Monolingual,0.55,1,24306,9422,63.15,1.0,Devanagari,False,False,False,0,307 (2).txt
311 (2).txt,311 (2).txt,unknown,txt,none,utf-8,,Monolingual,0.55,1,32100,9557,52.6,1.0,Devanagari,False,False,False,0,311 (2).txt
312 (2).txt,312 (2).txt,unknown,txt,none,utf_8,,Monolingual,0.55,1,24370,9402,52.88,1.0,Devanagari,False,False,False,0,312 (2).txt
313 (2).txt,313 (2).txt,unknown,txt,none,utf-8,,Monolingual,0.55,1,27809,10000,38.67,1.0,Devanagari,False,False,False,0,313 (2).txt
316 (2).txt,316 (2).txt,unknown,txt,none,utf-8,,Monolingual,0.55,1,34547,9304,73.4,1.0,Devanagari,False,False,False,0,316 (2).txt
317.txt,317.txt,unknown,txt,none,utf-8,,Monolingual,0.55,1,20023,9334,67.7,1.0,Devanagari,False,False,False,0,317.txt
318.txt,318.txt,unknown,txt,none,utf-8,,Monolingual,0.55,1,16202,6065,42.05,1.0,Devanagari,False,False,False,0,318.txt
319 (2).txt,319 (2).txt,unknown,txt,none,utf-8,,Monolingual,0.55,1,25130,9583,54.53,1.0,Devanagari,False,False,False,0,319 (2).txt
32.txt,32.txt,unknown,txt,none,utf-8,,Monolingual,0.55,1,46867,17248,42.84,1.0,Devanagari,False,False,False,0,32.txt
320 (2).txt,320 (2).txt,unknown,txt,none,utf_8,,Monolingual,0.55,1,27571,9405,58.5,1.0,Devanagari,False,False,False,0,320 (2).txt
322 (2).txt,322 (2).txt,unknown,txt,none,utf_8,,Monolingual,0.55,1,27844,9530,59.39,1.0,Devanagari,False,False,False,0,322 (2).txt
323 (2).txt,323 (2).txt,unknown,txt,none,utf-8,,Monolingual,0.55,1,24373,9461,49.22,1.0,Devanagari,False,False,False,0,323 (2).txt
325 (2).txt,325 (2).txt,unknown,txt,none,utf_8,,Monolingual,0.55,1,28155,9384,83.02,1.0,Devanagari,False,False,False,0,325 (2).txt
327.txt,327.txt,unknown,txt,none,utf_8,,Monolingual,0.55,1,25056,9271,67.69,1.0,Devanagari,False,False,False,0,327.txt
328 (2).txt,328 (2).txt,unknown,txt,none,utf-8,,Monolingual,0.55,1,32001,9299,61.2,1.0,Devanagari,False,False,False,0,328 (2).txt
330 (2).txt,330 (2).txt,unknown,txt,none,utf-8,,Monolingual,0.55,1,26545,9531,57.96,1.0,Devanagari,False,False,False,0,330 (2).txt
331.txt,331.txt,unknown,txt,none,utf-8,,Monolingual,0.55,1,32135,9356,61.95,1.0,Devanagari,False,False,False,0,331.txt
332 (2).txt,332 (2).txt,unknown,txt,none,utf_8,,Monolingual,0.55,1,30630,9466,62.14,1.0,Devanagari,False,False,False,0,332 (2).txt
333 (2).txt,333 (2).txt,unknown,txt,none,utf-8,,Monolingual,0.55,1,18038,9621,45.13,1.0,Devanagari,False,False,False,0,333 (2).txt
334.txt,334.txt,unknown,txt,none,utf-8,,Monolingual,0.55,1,26362,9330,60.86,1.0,Devanagari,False,False,False,0,334.txt
336 (2).txt,336 (2).txt,unknown,txt,none,utf-8,,Monolingual,0.55,1,19775,9298,74.01,1.0,Devanagari,False,False,False,0,336 (2).txt
337 (2).txt,337 (2).txt,unknown,txt,none,utf_8,,Monolingual,0.55,1,32790,9504,63.71,1.0,Devanagari,False,False,False,0,337 (2).txt
338 (2).txt,338 (2).txt,unknown,txt,none,utf-8,,Monolingual,0.55,1,18124,7336,334.52,1.0,Devanagari,False,False,False,0,338 (2).txt
339.txt,339.txt,unknown,txt,none,utf-8,,Monolingual,0.55,1,24865,9176,61.1,1.0,Devanagari,False,False,False,0,339.txt
34.txt,34.txt,unknown,txt,none,utf_8,,Monolingual,0.55,1,28136,10000,39.34,1.0,Devanagari,False,False,False,0,34.txt
340 (2).txt,340 (2).txt,unknown,txt,none,utf_8,,Monolingual,0.55,1,20734,9358,67.25,1.0,Devanagari,False,False,False,0,340 (2).txt
341 (2).txt,341 (2).txt,unknown,txt,none,utf-8,,Monolingual,0.55,1,25174,9370,58.2,1.0,Devanagari,False,False,False,0,341 (2).txt
342 (2).txt,342 (2).txt,unknown,txt,none,utf_8,,Monolingual,0.55,1,19280,7170,42.63,1.0,Devanagari,False,False,False,0,342 (2).txt
343 (2).txt,343 (2).txt,unknown,txt,none,utf-8,,Monolingual,0.55,1,33264,9323,57.39,1.0,Devanagari,False,False,False,0,343 (2).txt
346.txt,346.txt,unknown,txt,none,utf-8,,Monolingual,0.55,1,32839,11501,39.18,1.0,Devanagari,False,False,False,0,346.txt
348.txt,348.txt,unknown,txt,none,utf_8,,Monolingual,0.55,1,22829,9243,57.03,1.0,Devanagari,False,False,False,0,348.txt
35 (2).txt,35 (2).txt,unknown,txt,none,utf_8,,Monolingual,0.55,1,27783,10000,39.02,1.0,Devanagari,False,False,False,0,35 (2).txt
350.txt,350.txt,unknown,txt,none,utf_8,,Monolingual,0.55,1,24603,9334,60.89,1.0,Devanagari,False,False,False,0,350.txt
351 (2).txt,351 (2).txt,unknown,txt,none,utf-8,,Monolingual,0.55,1,24117,8910,348.65,1.0,Devanagari,False,False,False,0,351 (2).txt
352 (2).txt,352 (2).txt,unknown,txt,none,utf-8,,Monolingual,0.55,1,28389,9851,43.68,1.0,Devanagari,False,False,False,0,352 (2).txt
353 (2).txt,353 (2).txt,unknown,txt,none,utf_8,,Monolingual,0.55,1,2718,998,1157.04,1.0,Devanagari,False,False,False,0,353 (2).txt
355.txt,355.txt,unknown,txt,none,utf_8,,Monolingual,0.55,1,28253,9325,78.95,1.0,Devanagari,False,False,False,0,355.txt
356 (2).txt,356 (2).txt,unknown,txt,none,utf-8,,Monolingual,0.55,1,24764,8606,41.4,1.0,Devanagari,False,False,False,0,356 (2).txt
358 (2).txt,358 (2).txt,unknown,txt,none,utf_8,,Monolingual,0.55,1,27157,9276,341.64,1.0,Devanagari,False,False,False,0,358 (2).txt
359 (2).txt,359 (2).txt,unknown,txt,none,utf-8,,Monolingual,0.55,1,28239,10000,39.31,1.0,Devanagari,False,False,False,0,359 (2).txt
362 (2).txt,362 (2).txt,unknown,txt,none,utf-8,,Monolingual,0.55,1,26433,9272,62.45,1.0,Devanagari,False,False,False,0,362 (2).txt
365.txt,365.txt,unknown,txt,none,utf_8,,Monolingual,0.55,1,5279,1970,168.11,1.0,Devanagari,False,False,False,0,365.txt
366.txt,366.txt,unknown,txt,none,utf_8,,Monolingual,0.55,1,28706,9508,57.01,1.0,Devanagari,False,False,False,0,366.txt
369 (2).txt,369 (2).txt,unknown,txt,none,utf-8,,Monolingual,0.55,1,27759,10000,38.86,1.0,Devanagari,False,False,False,0,369 (2).txt
370 (2).txt,370 (2).txt,unknown,txt,none,utf-8,,Monolingual,0.55,1,1042,379,215.17,1.0,Devanagari,False,False,False,0,370 (2).txt
371 (2).txt,371 (2).txt,unknown,txt,none,utf-8,,Monolingual,0.55,1,28966,9123,62.57,1.0,Devanagari,False,False,False,0,371 (2).txt
373 (2).txt,373 (2).txt,unknown,txt,none,utf-8,,Monolingual,0.55,1,24665,9441,53.43,1.0,Devanagari,False,False,False,0,373 (2).txt
378 (2).txt,378 (2).txt,unknown,txt,none,utf_8,,Monolingual,0.55,1,25916,9440,69.83,1.0,Devanagari,False,False,False,0,378 (2).txt
380 (2).txt,380 (2).txt,unknown,txt,none,utf_8,,Monolingual,0.55,1,29052,9232,61.71,1.0,Devanagari,False,False,False,0,380 (2).txt
383 (2).txt,383 (2).txt,unknown,txt,none,utf_8,,Monolingual,0.55,1,2106,765,226.95,1.0,Devanagari,False,False,False,0,383 (2).txt
385.txt,385.txt,unknown,txt,none,utf-8,,Monolingual,0.55,1,23344,8305,45.07,1.0,Devanagari,False,False,False,0,385.txt
386.txt,386.txt,unknown,txt,none,utf-8,,Monolingual,0.55,1,42600,16042,41.99,1.0,Devanagari,False,False,False,0,386.txt
39.txt,39.txt,unknown,txt,none,utf-8,,Monolingual,0.55,1,19961,7423,375.29,1.0,Devanagari,False,False,False,0,39.txt
391 (2).txt,391 (2).txt,unknown,txt,none,utf-8,,Monolingual,0.55,1,25884,9283,68.71,1.0,Devanagari,False,False,False,0,391 (2).txt
393 (2).txt,393 (2).txt,unknown,txt,none,utf_8,,Monolingual,0.55,1,27793,9286,57.17,1.0,Devanagari,False,False,False,0,393 (2).txt
394 (2).txt,394 (2).txt,unknown,txt,none,utf-8,,Monolingual,0.55,1,16577,9325,83.67,1.0,Devanagari,False,False,False,0,394 (2).txt
395 (2).txt,395 (2).txt,unknown,txt,none,utf-8,,Monolingual,0.55,1,24845,9127,338.06,1.0,Devanagari,False,False,False,0,395 (2).txt
398 (2).txt,398 (2).txt,unknown,txt,none,utf_8,,Monolingual,0.55,1,20392,9606,72.47,1.0,Devanagari,False,False,False,0,398 (2).txt
399 (2).txt,399 (2).txt,unknown,txt,none,utf-8,,Monolingual,0.55,1,33325,9685,57.76,1.0,Devanagari,False,False,False,0,399 (2).txt
4 (2).txt,4 (2).txt,unknown,txt,none,utf-8,,Monolingual,0.55,1,43949,9999,501.53,1.0,Devanagari,False,False,False,0,4 (2).txt
40 (2).txt,40 (2).txt,unknown,txt,none,utf-8,,Monolingual,0.55,1,35118,9285,73.32,1.0,Devanagari,False,False,False,0,40 (2).txt
400 (2).txt,400 (2).txt,unknown,txt,none,utf-8,,Monolingual,0.55,1,27181,10000,39.03,1.0,Devanagari,False,False,False,0,400 (2).txt
401 (2).txt,401 (2).txt,unknown,txt,none,utf_8,,Monolingual,0.55,1,27590,9364,75.54,1.0,Devanagari,False,False,False,0,401 (2).txt
403.txt,403.txt,unknown,txt,none,utf-8,,Monolingual,0.55,1,18737,9295,70.24,1.0,Devanagari,False,False,False,0,403.txt
405 (2).txt,405 (2).txt,unknown,txt,none,utf_8,,Monolingual,0.55,1,26133,9398,68.53,1.0,Devanagari,False,False,False,0,405 (2).txt
409 (2).txt,409 (2).txt,unknown,txt,none,utf-8,,Monolingual,0.55,1,22715,9316,62.89,1.0,Devanagari,False,False,False,0,409 (2).txt
411.txt,411.txt,unknown,txt,none,utf-8,,Monolingual,0.55,1,36743,9661,60.84,1.0,Devanagari,False,False,False,0,411.txt
412.txt,412.txt,unknown,txt,none,utf-8,,Monolingual,0.55,1,22742,9208,66.13,1.0,Devanagari,False,False,False,0,412.txt
414 (2).txt,414 (2).txt,unknown,txt,none,utf-8,,Monolingual,0.55,1,19994,9358,58.36,1.0,Devanagari,False,False,False,0,414 (2).txt
415 (2).txt,415 (2).txt,unknown,txt,none,utf_8,,Monolingual,0.55,1,26065,9293,63.24,1.0,Devanagari,False,False,False,0,415 (2).txt
417 (2).txt,417 (2).txt,unknown,txt,none,utf-8,,Monolingual,0.55,1,21843,9427,68.2,1.0,Devanagari,False,False,False,0,417 (2).txt
421 (2).txt,421 (2).txt,unknown,txt,none,utf-8,,Monolingual,0.55,1,25084,9444,65.69,1.0,Devanagari,False,False,False,0,421 (2).txt
427 (2).txt,427 (2).txt,unknown,txt,none,utf-8,,Monolingual,0.55,1,32363,9312,59.4,1.0,Devanagari,False,False,False,0,427 (2).txt
429 (2).txt,429 (2).txt,unknown,txt,none,utf_8,,Monolingual,0.55,1,22034,9599,55.41,1.0,Devanagari,False,False,False,0,429 (2).txt
43 (2).txt,43 (2).txt,unknown,txt,none,utf_8,,Monolingual,0.55,1,22628,7679,341.07,1.0,Devanagari,False,False,False,0,43 (2).txt
431 (2).txt,431 (2).txt,unknown,txt,none,utf_8,,Monolingual,0.55,1,20910,9428,64.32,1.0,Devanagari,False,False,False,0,431 (2).txt
433.txt,433.txt,unknown,txt,none,utf_8,,Monolingual,0.55,1,31996,9135,68.45,1.0,Devanagari,False,False,False,0,433.txt
435 (2).txt,435 (2).txt,unknown,txt,none,utf-8,,Monolingual,0.55,1,28175,9452,57.18,1.0,Devanagari,False,False,False,0,435 (2).txt
436.txt,436.txt,unknown,txt,none,utf-8,,Monolingual,0.55,1,23452,9481,59.82,1.0,Devanagari,False,False,False,0,436.txt
438 (2).txt,438 (2).txt,unknown,txt,none,utf-8,,Monolingual,0.55,1,28437,9474,55.43,1.0,Devanagari,False,False,False,0,438 (2).txt
439 (2).txt,439 (2).txt,unknown,txt,none,utf_8,,Monolingual,0.55,1,31501,11584,42.71,1.0,Devanagari,False,False,False,0,439 (2).txt
440 (2).txt,440 (2).txt,unknown,txt,none,utf_8,,Monolingual,0.55,1,23711,9413,60.64,1.0,Devanagari,False,False,False,0,440 (2).txt
444 (2).txt,444 (2).txt,unknown,txt,none,utf-8,,Monolingual,0.55,1,75662,28151,42.72,1.0,Devanagari,False,False,False,0,444 (2).txt
445 (2).txt,445 (2).txt,unknown,txt,none,utf_8,,Monolingual,0.55,1,25378,9301,318.56,1.0,Devanagari,False,False,False,0,445 (2).txt
447 (2).txt,447 (2).txt,unknown,txt,none,utf_8,,Monolingual,0.55,1,29434,9211,64.5,1.0,Devanagari,False,False,False,0,447 (2).txt
448 (2).txt,448 (2).txt,unknown,txt,none,utf_8,,Monolingual,0.55,1,34464,9528,61.72,1.0,Devanagari,False,False,False,0,448 (2).txt
449 (2).txt,449 (2).txt,unknown,txt,none,utf-8,,Monolingual,0.55,1,21102,9503,60.18,1.0,Devanagari,False,False,False,0,449 (2).txt
451.txt,451.txt,unknown,txt,none,utf_8,,Monolingual,0.55,1,30101,9249,63.57,1.0,Devanagari,False,False,False,0,451.txt
453 (2).txt,453 (2).txt,unknown,txt,none,utf-8,,Monolingual,0.55,1,27326,9352,65.26,1.0,Devanagari,False,False,False,0,453 (2).txt
456.txt,456.txt,unknown,txt,none,utf-8,,Monolingual,0.55,1,6275,2326,41.51,1.0,Devanagari,False,False,False,0,456.txt
457.txt,457.txt,unknown,txt,none,utf_8,,Monolingual,0.55,1,22289,9432,55.68,1.0,Devanagari,False,False,False,0,457.txt
458 (2).txt,458 (2).txt,unknown,txt,none,utf-8,,Monolingual,0.55,1,34023,9216,72.87,1.0,Devanagari,False,False,False,0,458 (2).txt
459 (2).txt,459 (2).txt,unknown,txt,none,utf_8,,Monolingual,0.55,1,24409,9396,67.44,1.0,Devanagari,False,False,False,0,459 (2).txt
462.txt,462.txt,unknown,txt,none,utf_8,,Monolingual,0.55,1,26520,9159,331.65,1.0,Devanagari,False,False,False,0,462.txt
463 (2).txt,463 (2).txt,unknown,txt,none,utf-8,,Monolingual,0.55,1,30657,9490,71.42,1.0,Devanagari,False,False,False,0,463 (2).txt
464.txt,464.txt,unknown,txt,none,utf-8,,Monolingual,0.55,1,27452,9423,62.39,1.0,Devanagari,False,False,False,0,464.txt
465 (2).txt,465 (2).txt,unknown,txt,none,utf-8,,Monolingual,0.55,1,38043,9581,70.57,1.0,Devanagari,False,False,False,0,465 (2).txt
467 (2).txt,467 (2).txt,unknown,txt,none,utf_8,,Monolingual,0.55,1,23906,9309,56.28,1.0,Devanagari,False,False,False,0,467 (2).txt
469 (2).txt,469 (2).txt,unknown,txt,none,utf-8,,Monolingual,0.55,1,30853,9308,57.34,1.0,Devanagari,False,False,False,0,469 (2).txt
47.txt,47.txt,unknown,txt,none,utf-8,,Monolingual,0.55,1,26962,10000,38.87,1.0,Devanagari,False,False,False,0,47.txt
471 (2).txt,471 (2).txt,unknown,txt,none,utf-8,,Monolingual,0.55,1,25757,9181,327.64,1.0,Devanagari,False,False,False,0,471 (2).txt
472 (2).txt,472 (2).txt,unknown,txt,none,utf-8,,Monolingual,0.55,1,22745,9305,60.0,1.0,Devanagari,False,False,False,0,472 (2).txt
475 (2).txt,475 (2).txt,unknown,txt,none,utf-8,,Monolingual,0.55,1,21655,9143,61.63,1.0,Devanagari,False,False,False,0,475 (2).txt
481 (2).txt,481 (2).txt,unknown,txt,none,utf-8,,Monolingual,0.55,1,27083,9304,60.79,1.0,Devanagari,False,False,False,0,481 (2).txt
483 (2).txt,483 (2).txt,unknown,txt,none,utf-8,,Monolingual,0.55,1,25807,9164,64.02,1.0,Devanagari,False,False,False,0,483 (2).txt
485.txt,485.txt,unknown,txt,none,utf_8,,Monolingual,0.55,1,22900,9255,63.29,1.0,Devanagari,False,False,False,0,485.txt
489 (2).txt,489 (2).txt,unknown,txt,none,utf-8,,Monolingual,0.55,1,25237,9530,50.69,1.0,Devanagari,False,False,False,0,489 (2).txt
49 (2).txt,49 (2).txt,unknown,txt,none,utf-8,,Monolingual,0.55,1,37193,9402,57.43,1.0,Devanagari,False,False,False,0,49 (2).txt
490 (2).txt,490 (2).txt,unknown,txt,none,utf-8,,Monolingual,0.55,1,14375,5231,42.27,1.0,Devanagari,False,False,False,0,490 (2).txt
492 (2).txt,492 (2).txt,unknown,txt,none,utf_8,,Monolingual,0.55,1,30350,9291,312.54,1.0,Devanagari,False,False,False,0,492 (2).txt
494 (2).txt,494 (2).txt,unknown,txt,none,utf-8,,Monolingual,0.55,1,38424,14384,42.34,1.0,Devanagari,False,False,False,0,494 (2).txt
495 (2).txt,495 (2).txt,unknown,txt,none,utf-8,,Monolingual,0.55,1,26221,9232,61.48,1.0,Devanagari,False,False,False,0,495 (2).txt
496.txt,496.txt,unknown,txt,none,utf-8,,Monolingual,0.55,1,25732,9650,54.24,1.0,Devanagari,False,False,False,0,496.txt
497.txt,497.txt,unknown,txt,none,utf-8,,Monolingual,0.55,1,23670,9386,62.98,1.0,Devanagari,False,False,False,0,497.txt
498 (2).txt,498 (2).txt,unknown,txt,none,utf-8,,Monolingual,0.55,1,28509,9374,59.43,1.0,Devanagari,False,False,False,0,498 (2).txt
5.txt,5.txt,unknown,txt,none,utf-8,,Monolingual,0.55,1,17817,9410,52.68,1.0,Devanagari,False,False,False,0,5.txt
50 (2).txt,50 (2).txt,unknown,txt,none,utf_8,,Monolingual,0.55,1,26483,9549,52.47,1.0,Devanagari,False,False,False,0,50 (2).txt
503.txt,503.txt,unknown,txt,none,utf_8,,Monolingual,0.55,1,29032,9278,65.25,1.0,Devanagari,False,False,False,0,503.txt
504.txt,504.txt,unknown,txt,none,utf-8,,Monolingual,0.55,1,29733,9244,62.67,1.0,Devanagari,False,False,False,0,504.txt
505.txt,505.txt,unknown,txt,none,utf_8,,Monolingual,0.55,1,32949,9195,67.55,1.0,Devanagari,False,False,False,0,505.txt
506 (2).txt,506 (2).txt,unknown,txt,none,utf-8,,Monolingual,0.55,1,27824,10000,38.59,1.0,Devanagari,False,False,False,0,506 (2).txt
508.txt,508.txt,unknown,txt,none,utf-8,,Monolingual,0.55,1,30857,9369,72.6,1.0,Devanagari,False,False,False,0,508.txt
51 (2).txt,51 (2).txt,unknown,txt,none,utf-8,,Monolingual,0.55,1,19355,9998,584.81,1.0,Devanagari,False,False,False,0,51 (2).txt
511.txt,511.txt,unknown,txt,none,utf-8,,Monolingual,0.55,1,29594,9400,62.6,1.0,Devanagari,False,False,False,0,511.txt
514.txt,514.txt,unknown,txt,none,utf-8,,Monolingual,0.55,1,21589,9275,59.39,1.0,Devanagari,False,False,False,0,514.txt
515 (2).txt,515 (2).txt,unknown,txt,none,utf-8,,Monolingual,0.55,1,31142,9418,57.33,1.0,Devanagari,False,False,False,0,515 (2).txt
516 (2).txt,516 (2).txt,unknown,txt,none,utf-8,,Monolingual,0.55,1,21257,9368,68.69,1.0,Devanagari,False,False,False,0,516 (2).txt
517 (2).txt,517 (2).txt,unknown,txt,none,utf-8,,Monolingual,0.55,1,36505,9518,79.8,1.0,Devanagari,False,False,False,0,517 (2).txt
518 (2).txt,518 (2).txt,unknown,txt,none,utf-8,,Monolingual,0.55,1,31026,10645,38.96,1.0,Devanagari,False,False,False,0,518 (2).txt
519.txt,519.txt,unknown,txt,none,utf_8,,Monolingual,0.55,1,32410,9405,56.68,1.0,Devanagari,False,False,False,0,519.txt
520 (2).txt,520 (2).txt,unknown,txt,none,utf-8,,Monolingual,0.55,1,31322,9430,48.86,1.0,Devanagari,False,False,False,0,520 (2).txt
521 (2).txt,521 (2).txt,unknown,txt,none,utf_8,,Monolingual,0.55,1,23111,9494,57.24,1.0,Devanagari,False,False,False,0,521 (2).txt
522 (2).txt,522 (2).txt,unknown,txt,none,utf_8,,Monolingual,0.55,1,24962,9273,54.19,1.0,Devanagari,False,False,False,0,522 (2).txt
523 (2).txt,523 (2).txt,unknown,txt,none,utf-8,,Monolingual,0.55,1,22601,9160,324.21,1.0,Devanagari,False,False,False,0,523 (2).txt
528.txt,528.txt,unknown,txt,none,utf-8,,Monolingual,0.55,1,20341,9988,381.34,1.0,Devanagari,False,False,False,0,528.txt
532.txt,532.txt,unknown,txt,none,utf-8,,Monolingual,0.55,1,50531,9452,52.43,1.0,Devanagari,False,False,False,0,532.txt
534 (2).txt,534 (2).txt,unknown,txt,none,utf-8,,Monolingual,0.55,1,26925,9179,74.88,1.0,Devanagari,False,False,False,0,534 (2).txt
536 (2).txt,536 (2).txt,unknown,txt,none,utf-8,,Monolingual,0.55,1,24611,9494,72.26,1.0,Devanagari,False,False,False,0,536 (2).txt
538.txt,538.txt,unknown,txt,none,utf_8,,Monolingual,0.55,1,34622,9380,58.37,1.0,Devanagari,False,False,False,0,538.txt
539 (2).txt,539 (2).txt,unknown,txt,none,utf_8,,Monolingual,0.55,1,27652,9078,63.75,1.0,Devanagari,False,False,False,0,539 (2).txt
540 (2).txt,540 (2).txt,unknown,txt,none,utf-8,,Monolingual,0.55,1,25098,9406,56.06,1.0,Devanagari,False,False,False,0,540 (2).txt
542 (2).txt,542 (2).txt,unknown,txt,none,utf-8,,Monolingual,0.55,1,23777,9335,60.73,1.0,Devanagari,False,False,False,0,542 (2).txt
545.txt,545.txt,unknown,txt,none,utf-8,,Monolingual,0.55,1,18553,9455,71.54,1.0,Devanagari,False,False,False,0,545.txt
547.txt,547.txt,unknown,txt,none,utf-8,,Monolingual,0.55,1,32365,9450,56.04,1.0,Devanagari,False,False,False,0,547.txt
551 (2).txt,551 (2).txt,unknown,txt,none,utf-8,,Monolingual,0.55,1,21931,9393,58.02,1.0,Devanagari,False,False,False,0,551 (2).txt
56.txt,56.txt,unknown,txt,none,utf-8,,Monolingual,0.55,1,26292,9361,57.76,1.0,Devanagari,False,False,False,0,56.txt
59.txt,59.txt,unknown,txt,none,utf-8,,Monolingual,0.55,1,25866,9307,61.59,1.0,Devanagari,False,False,False,0,59.txt
61 (2).txt,61 (2).txt,unknown,txt,none,utf-8,,Monolingual,0.55,1,27689,9359,62.82,1.0,Devanagari,False,False,False,0,61 (2).txt
67.txt,67.txt,unknown,txt,none,utf_8,,Monolingual,0.55,1,31784,9401,66.22,1.0,Devanagari,False,False,False,0,67.txt
7.txt,7.txt,unknown,txt,none,utf-8,,Monolingual,0.55,1,20478,7350,336.53,1.0,Devanagari,False,False,False,0,7.txt
70.txt,70.txt,unknown,txt,none,utf-8,,Monolingual,0.55,1,16084,9233,86.82,1.0,Devanagari,False,False,False,0,70.txt
71 (2).txt,71 (2).txt,unknown,txt,none,utf-8,,Monolingual,0.55,1,27231,9055,351.57,1.0,Devanagari,False,False,False,0,71 (2).txt
76.txt,76.txt,unknown,txt,none,utf-8,,Monolingual,0.55,1,27442,10000,39.19,1.0,Devanagari,False,False,False,0,76.txt
79.txt,79.txt,unknown,txt,none,utf-8,,Monolingual,0.55,1,42768,9560,68.67,1.0,Devanagari,False,False,False,0,79.txt
80.txt,80.txt,unknown,txt,none,utf-8,,Monolingual,0.55,1,27070,9429,52.24,1.0,Devanagari,False,False,False,0,80.txt
81 (2).txt,81 (2).txt,unknown,txt,none,utf-8,,Monolingual,0.55,1,17035,9531,54.06,1.0,Devanagari,False,False,False,0,81 (2).txt
82 (2).txt,82 (2).txt,unknown,txt,none,utf-8,,Monolingual,0.55,1,24203,9078,326.77,1.0,Devanagari,False,False,False,0,82 (2).txt
83 (2).txt,83 (2).txt,unknown,txt,none,utf_8,,Monolingual,0.55,1,33504,9383,54.91,1.0,Devanagari,False,False,False,0,83 (2).txt
89 (2).txt,89 (2).txt,unknown,txt,none,utf_8,,Monolingual,0.55,1,33384,9425,61.81,1.0,Devanagari,False,False,False,0,89 (2).txt
9 (2).txt,9 (2).txt,unknown,txt,none,utf-8,,Monolingual,0.55,1,23114,9107,345.69,1.0,Devanagari,False,False,False,0,9 (2).txt
93 (2).txt,93 (2).txt,unknown,txt,none,utf_8,,Monolingual,0.55,1,20976,9176,51.71,1.0,Devanagari,False,False,False,0,93 (2).txt
95.txt,95.txt,unknown,txt,none,utf-8,,Monolingual,0.55,1,30087,9340,57.43,1.0,Devanagari,False,False,False,0,95.txt
97.txt,97.txt,unknown,txt,none,utf_8,,Monolingual,0.55,1,32436,9247,69.5,1.0,Devanagari,False,False,False,0,97.txt
98.txt,98.txt,unknown,txt,none,utf_8,,Monolingual,0.55,1,27210,8988,344.46,1.0,Devanagari,False,False,False,0,98.txt
Articles Dataset.csv,Articles Dataset.csv,unknown,csv,none,utf-8,,Monolingual,0.55,5,7221,3366,1274.67,1.0,Arabic,False,False,False,0,Articles Dataset.csv
dogri_dataset_1.json,dogri_dataset_1.json,unknown,json,none,utf_8,doi,Unknown,0.2,1,,6,0.0,1.0,,False,False,False,0,dogri_dataset_1.json
Sindhi.json,Sindhi.json,unknown,json,none,utf-8,sd,Monolingual,0.55,3,107188,44244,484.28,1.0,Arabic,False,False,False,0,Sindhi.json
Sindhi_Legal_Dataset.csv,Sindhi_Legal_Dataset.csv,unknown,csv,none,utf_8,sd,Monolingual,0.55,2,2899,1059,75.77,1.0,Arabic,False,False,False,0,Sindhi_Legal_Dataset.csv
test-00000-of-00001 (1).parquet,test-00000-of-00001 (1).parquet,unknown,parquet,none,binary,en,Monolingual,0.55,5,12401,12401,2048.17,1.0,Latin,True,True,False,0,test-00000-of-00001 (1).parquet
test-00000-of-00001-89b3116d9bacde2d.parquet,test-00000-of-00001-89b3116d9bacde2d.parquet,unknown,parquet,none,binary,,Monolingual,0.55,3,10401,10401,690.87,1.0,Devanagari,False,False,False,0,test-00000-of-00001-89b3116d9bacde2d.parquet
textcorpus (1).csv,textcorpus (1).csv,unknown,csv,none,utf_8,,Monolingual,0.55,2,7401,2984,58.5,1.0,Arabic,False,False,False,0,textcorpus (1).csv
textcorpus (2).csv,textcorpus (2).csv,unknown,csv,none,utf_8,,Monolingual,0.55,2,7401,2984,58.5,1.0,Arabic,False,False,False,0,textcorpus (2).csv
train-00000-of-00001 (4).parquet,train-00000-of-00001 (4).parquet,unknown,parquet,none,binary,en,Monolingual,0.55,5,49601,49601,2039.98,1.0,Latin,True,True,False,0,train-00000-of-00001 (4).parquet
train-00000-of-00001-d16246d9d72bc9e9.parquet,train-00000-of-00001-d16246d9d72bc9e9.parquet,unknown,parquet,none,binary,,Monolingual,0.55,3,41601,41601,686.41,1.0,Devanagari,False,False,False,0,train-00000-of-00001-d16246d9d72bc9e9.parquet
